State,1.1,1.2,1.3,1.4,1.5,1.6,2.1,2.2,2.3,2.4,2.5,3.1,3.2,3.3,3.4,3.5,3.6,4.1,4.2,4.3,4.4,4.5,5.1,5.2,5.3,5.4,5.5,1.1_n,1.2_n,1.3_n,1.4_n,1.5_n,1.6_n,2.1_n,2.2_n,2.3_n,2.4_n,2.5_n,3.1_n,3.2_n,3.3_n,3.4_n,3.5_n,3.6_n,4.1_n,4.2_n,4.3_n,4.4_n,4.5_n,5.1_n,5.2_n,5.3_n,5.4_n,5.5_n,Reproductive Rights,LGBTQ+ Protections,Voting Access,Labor Rights,Criminal Justice,Composite_EqualWeight,Composite_PCA,P1,P2,P3,P4,P5,P6,P7,P8,P9,P10,Rank_EqualWeight,Rank_PCA
Alabama,0,50,0,0,0,0,-10.25,0,0,0,0,-2,0,0,0,33,0,9.41,7.25,0,0,0,0,0,0,0.0,50,0.0,50.0,0.0,0.0,0.0,0.0,6.302521008403361,0.0,0.0,0.0,0.0,42.857142857142854,0.0,0.0,0.0,33.0,0.0,4.374923622143468,16.406249999999996,0.0,0.0,0.0,0.0,24.81203007518797,0.0,0.0,100.0,8.333333333333334,1.2605042016806722,12.642857142857144,4.156234724428693,24.962406015037594,10.271067083467488,9.846395738988594,64.8,59610,59.0,63.1,26.6,4.8,0.4847,3.0,1,R,49,49
Alaska,100,100,100,0,0,100,8.5,50,0,50,100,0,100,100,67,67,100,53.7,13.0,0,100,100,100,33,50,0.0,0,100.0,100.0,100.0,0.0,0.0,100.0,37.81512605042017,50.0,0.0,50.0,100.0,57.14285714285714,100.0,100.0,67.0,67.0,100.0,58.49932787486253,61.328125,0.0,100.0,100.0,100.0,49.62406015037594,50.0,0.0,0.0,66.66666666666667,47.563025210084035,81.85714285714285,63.9654905749725,39.92481203007519,59.99542746778825,60.299966373326626,55.5,86370,66.0,58.8,3.2,7.5,0.422,5.2,1,R,21,21
Arizona,80,100,100,100,100,0,5.75,50,0,50,0,-2,0,0,33,67,0,49.54,15.15,0,100,0,0,0,50,0.0,50,80.0,100.0,100.0,100.0,100.0,0.0,33.193277310924366,50.0,0.0,50.0,0.0,42.857142857142854,0.0,0.0,33.0,67.0,0.0,53.41561774410363,78.12500000000001,0.0,100.0,0.0,0.0,24.81203007518797,50.0,0.0,100.0,80.0,26.638655462184875,23.80952380952381,46.30812354882073,34.962406015037594,42.3437417671134,42.598733279756544,52.8,72581,89.8,53.4,5.0,31.4,0.468,3.6,1,R,24,24
Arkansas,0,0,0,0,0,0,-10.5,0,0,0,0,-4,0,0,0,33,0,23.22,11.0,0,0,0,0,33,0,100.0,0,0.0,0.0,0.0,0.0,0.0,0.0,5.88235294117647,0.0,0.0,0.0,0.0,28.57142857142857,0.0,0.0,0.0,33.0,0.0,21.251374801417576,45.703125,0.0,0.0,0.0,0.0,49.62406015037594,0.0,100.0,0.0,0.0,1.176470588235294,10.261904761904761,13.390899960283514,29.92481203007519,10.950817468099752,10.408072331367062,65.5,56335,56.2,68.5,15.2,8.6,0.478,3.6,1,R,48,48
California,80,100,100,100,100,100,45.0,100,100,100,100,6,100,100,100,67,100,85.45,16.9,100,100,100,50,67,50,100.0,0,80.0,100.0,100.0,100.0,100.0,100.0,99.15966386554622,100.0,100.0,100.0,100.0,100.0,100.0,100.0,100.0,67.0,100.0,97.29927899303435,91.79687499999999,100.0,100.0,100.0,50.0,75.18796992481202,50.0,100.0,0.0,96.66666666666667,99.83193277310924,94.5,97.81923079860687,55.037593984962406,88.77108484466905,89.63799233805258,37.7,91905,95.0,34.7,5.7,40.2,0.489,5.3,1,D,2,2
Colorado,100,100,100,100,100,50,45.5,100,100,100,100,1,100,100,67,67,100,67.81,15.16,100,100,100,100,67,50,0.0,50,100.0,100.0,100.0,100.0,100.0,50.0,100.0,100.0,100.0,100.0,100.0,64.28571428571429,100.0,100.0,67.0,67.0,100.0,75.74239276548943,78.203125,100.0,100.0,100.0,100.0,75.18796992481202,50.0,0.0,100.0,91.66666666666667,100.0,83.04761904761905,90.78910355309787,65.0375939849624,86.1081966504692,86.7305341165701,44.7,87598,86.2,64.8,4.1,22.3,0.458,3.8,1,D,5,5
Connecticut,80,100,100,100,100,100,41.0,100,100,100,50,2,100,100,67,33,100,70.89,16.94,100,100,100,100,67,0,100.0,0,80.0,100.0,100.0,100.0,100.0,100.0,92.43697478991596,100.0,100.0,100.0,50.0,71.42857142857143,100.0,100.0,67.0,33.0,100.0,79.50629353537822,92.10937500000001,100.0,100.0,100.0,100.0,75.18796992481202,0.0,100.0,0.0,96.66666666666667,88.48739495798318,78.57142857142857,94.32313370707564,55.037593984962406,82.6172435776233,83.36495879151569,40.4,90213,88.0,63.2,10.8,17.3,0.499,4.0,1,D,12,12
Delaware,80,100,100,100,100,50,30.5,100,100,100,100,1,0,0,67,33,0,62.38,15.0,100,0,100,100,0,0,100.0,50,80.0,100.0,100.0,100.0,100.0,50.0,74.78991596638656,100.0,100.0,100.0,100.0,64.28571428571429,0.0,0.0,67.0,33.0,0.0,69.10668459000368,76.953125,100.0,0.0,100.0,100.0,24.81203007518797,0.0,100.0,100.0,88.33333333333333,94.95798319327731,27.38095238095238,69.21196191800074,64.9624060150376,68.96932736812028,69.4895367179517,42.5,79325,83.3,58.6,22.1,10.0,0.458,4.2,1,D,20,20
District of Columbia,100,100,0,100,100,100,41.0,100,100,100,100,1,100,100,100,100,100,87.66,17.95,100,100,100,100,100,100,,0,100.0,100.0,0.0,100.0,100.0,100.0,92.43697478991596,100.0,100.0,100.0,100.0,64.28571428571429,100.0,100.0,100.0,100.0,100.0,100.0,100.0,100.0,100.0,100.0,100.0,100.0,100.0,,0.0,83.33333333333333,98.48739495798318,94.04761904761904,100.0,75.0,90.17366946778711,90.55132289402067,7.2,101722,100.0,33.1,43.4,11.5,0.51,4.8,1,D,1,1
Florida,20,0,0,0,0,0,-4.0,50,0,0,0,-3,0,0,33,33,0,43.62,14.0,0,0,0,0,0,0,0.0,50,20.0,0.0,0.0,0.0,0.0,0.0,16.80672268907563,50.0,0.0,0.0,0.0,35.714285714285715,0.0,0.0,33.0,33.0,0.0,46.181107173408286,69.140625,0.0,0.0,0.0,0.0,24.81203007518797,0.0,0.0,100.0,3.3333333333333335,13.361344537815125,16.952380952380953,23.06434643468166,24.962406015037594,16.334762254649732,16.071027396286226,57.2,67917,91.2,51.5,15.4,26.8,0.488,3.1,0,R,40,40
Georgia,20,50,0,0,0,50,1.0,0,0,50,100,-1,100,0,0,33,0,10.6,5.15,0,0,0,0,33,0,0.0,50,20.0,50.0,0.0,0.0,0.0,50.0,25.210084033613445,0.0,0.0,50.0,100.0,50.0,100.0,0.0,0.0,33.0,0.0,5.829158010509593,0.0,0.0,0.0,0.0,0.0,49.62406015037594,0.0,0.0,100.0,20.0,35.042016806722685,30.5,1.1658316021019186,29.92481203007519,23.32653208777996,23.211947445571475,51.4,71355,75.1,50.1,32.0,10.5,0.487,3.4,1,R,35,35
Hawaii,80,100,100,100,100,100,32.0,100,100,100,100,2,100,100,100,67,100,63.36,16.0,0,0,100,100,67,0,0.0,50,80.0,100.0,100.0,100.0,100.0,100.0,77.31092436974791,100.0,100.0,100.0,100.0,71.42857142857143,100.0,100.0,100.0,67.0,100.0,70.30428938042283,84.765625,0.0,0.0,100.0,100.0,75.18796992481202,0.0,0.0,100.0,96.66666666666667,95.46218487394958,89.73809523809524,51.01398287608457,55.037593984962406,77.5837047279517,78.23895427121062,37.8,94814,91.9,21.7,1.6,10.7,0.436,3.0,1,D,15,15
Idaho,0,50,0,0,0,0,-5.75,0,0,0,0,-1,0,0,33,33,100,24.07,7.25,0,0,0,0,33,0,0.0,0,0.0,50.0,0.0,0.0,0.0,0.0,13.865546218487395,0.0,0.0,0.0,0.0,50.0,0.0,0.0,33.0,33.0,100.0,22.29011365025052,16.406249999999996,0.0,0.0,0.0,0.0,49.62406015037594,0.0,0.0,0.0,8.333333333333334,2.773109243697479,36.0,7.739272730050104,9.924812030075188,12.95410546743122,12.836378683160875,67.2,69208,72.4,78.9,0.8,13.6,0.441,3.0,1,R,46,45
Illinois,80,100,100,100,100,100,42.0,100,100,100,50,1,100,100,100,67,100,73.24,15.0,0,100,100,100,67,100,0.0,50,80.0,100.0,100.0,100.0,100.0,100.0,94.11764705882352,100.0,100.0,100.0,50.0,64.28571428571429,100.0,100.0,100.0,67.0,100.0,82.37810094097519,76.953125,0.0,100.0,100.0,100.0,75.18796992481202,100.0,0.0,100.0,96.66666666666667,88.82352941176471,88.54761904761904,71.86624518819504,75.0375939849624,84.18833085984156,84.45206168466848,41.0,78433,88.5,58.3,14.1,18.1,0.494,4.8,1,D,10,10
Indiana,0,0,0,0,0,0,-1.0,50,0,0,50,-4,0,0,0,33,0,23.38,7.25,0,0,0,0,67,50,0.0,50,0.0,0.0,0.0,0.0,0.0,0.0,21.84873949579832,50.0,0.0,0.0,50.0,28.57142857142857,0.0,0.0,0.0,33.0,0.0,21.446902114139064,16.406249999999996,0.0,0.0,0.0,0.0,75.18796992481202,50.0,0.0,100.0,0.0,24.369747899159666,10.261904761904761,7.570630422827813,45.037593984962406,17.447975413770926,16.83085374591272,59.9,67173,72.4,75.5,9.9,8.0,0.454,3.5,1,R,39,39
Iowa,20,0,100,0,0,50,12.5,100,0,0,50,-2,0,0,67,67,100,26.72,7.25,0,0,0,100,0,0,100.0,0,20.0,0.0,100.0,0.0,0.0,50.0,44.537815126050425,100.0,0.0,0.0,50.0,42.857142857142854,0.0,0.0,67.0,67.0,100.0,25.528534767200295,16.406249999999996,0.0,0.0,0.0,100.0,24.81203007518797,0.0,100.0,0.0,28.333333333333332,38.90756302521008,46.142857142857146,8.386956953440059,44.962406015037594,33.34662329397564,33.040700769056784,57.5,72429,64.0,82.7,4.1,6.8,0.44,2.7,1,R,30,31
Kansas,60,100,0,0,0,0,2.0,50,0,50,0,-3,0,0,0,33,0,20.62,7.25,0,0,0,0,33,0,100.0,0,60.0,100.0,0.0,0.0,0.0,0.0,26.89075630252101,50.0,0.0,50.0,0.0,35.714285714285715,0.0,0.0,0.0,33.0,0.0,18.074055969693266,16.406249999999996,0.0,0.0,0.0,0.0,49.62406015037594,0.0,100.0,0.0,26.666666666666668,25.378151260504204,11.452380952380954,6.896061193938652,29.92481203007519,20.063614420713133,19.92722285973279,58.4,73620,74.2,72.2,5.9,12.7,0.451,3.1,1,R,38,38
Kentucky,0,0,0,0,0,0,5.75,50,0,0,50,-1,0,0,67,0,0,19.83,7.25,0,0,0,0,0,50,0.0,0,0.0,0.0,0.0,0.0,0.0,0.0,33.193277310924366,50.0,0.0,0.0,50.0,50.0,0.0,0.0,67.0,0.0,0.0,17.10863986313088,16.406249999999996,0.0,0.0,0.0,0.0,24.81203007518797,50.0,0.0,0.0,0.0,26.638655462184875,19.5,6.702977972626175,14.962406015037596,13.560807889969729,13.553979110757234,65.1,60407,58.4,81.3,8.4,4.1,0.478,4.0,1,R,42,41
Louisiana,0,0,0,0,0,0,-6.75,0,0,0,50,-8,0,0,33,33,0,19.61,7.25,0,0,0,0,67,0,100.0,0,0.0,0.0,0.0,0.0,0.0,0.0,12.184873949579831,0.0,0.0,0.0,50.0,0.0,0.0,0.0,33.0,33.0,0.0,16.839789808138825,16.406249999999996,0.0,0.0,0.0,0.0,75.18796992481202,0.0,100.0,0.0,0.0,12.436974789915967,11.0,6.649207961627764,35.037593984962406,13.024755347301227,12.475266015191298,60.4,55416,73.4,55.8,32.4,6.8,0.496,4.4,1,R,45,46
Maine,80,100,100,100,100,0,44.5,100,100,100,100,5,0,100,100,100,100,67.81,15.1,100,100,100,100,100,0,100.0,0,80.0,100.0,100.0,100.0,100.0,0.0,98.31932773109243,100.0,100.0,100.0,100.0,92.85714285714286,0.0,100.0,100.0,100.0,100.0,75.74239276548943,77.734375,100.0,100.0,100.0,100.0,100.0,0.0,100.0,0.0,80.0,99.66386554621849,82.14285714285715,90.69535355309787,60.0,82.5004152484347,83.14394138912476,43.3,68251,38.7,90.8,1.7,2.1,0.449,3.1,1,D,13,13
Maryland,100,100,100,100,100,0,42.25,100,100,100,100,3,100,100,100,67,100,62.93,15.0,100,100,100,100,67,50,100.0,0,100.0,100.0,100.0,100.0,100.0,0.0,94.53781512605042,100.0,100.0,100.0,100.0,78.57142857142857,100.0,100.0,100.0,67.0,100.0,69.77880972748382,76.953125,100.0,100.0,100.0,100.0,75.18796992481202,50.0,100.0,0.0,83.33333333333333,98.90756302521008,90.92857142857143,89.34638694549676,65.0375939849624,85.5106897435148,86.0549866920271,36.7,98461,87.2,46.8,30.0,11.5,0.468,2.9,1,D,6,7
Massachusetts,100,100,100,100,100,0,38.5,100,100,100,100,2,100,100,100,67,0,69.91,15.0,100,100,100,100,67,0,100.0,0,100.0,100.0,100.0,100.0,100.0,0.0,88.23529411764706,100.0,100.0,100.0,100.0,71.42857142857143,100.0,100.0,100.0,67.0,0.0,78.30868874495907,76.953125,100.0,100.0,100.0,100.0,75.18796992481202,0.0,100.0,0.0,83.33333333333333,97.64705882352942,73.07142857142857,91.05236274899181,55.037593984962406,80.02835549244911,80.78006473321783,37.0,96505,92.0,67.6,7.5,12.8,0.489,3.7,1,D,14,14
Michigan,100,100,0,100,100,0,26.0,100,100,100,50,5,100,100,33,67,100,47.53,13.73,0,100,100,100,67,0,100.0,0,100.0,100.0,0.0,100.0,100.0,0.0,67.22689075630252,100.0,100.0,100.0,50.0,92.85714285714286,100.0,100.0,33.0,67.0,100.0,50.95930587803984,67.03125000000001,0.0,100.0,100.0,100.0,75.18796992481202,0.0,100.0,0.0,66.66666666666667,83.4453781512605,82.14285714285715,63.59811117560797,55.037593984962406,70.17812142427094,70.5628700477855,50.9,68990,74.6,72.4,13.7,5.7,0.469,4.3,1,D,19,19
Minnesota,100,100,100,100,100,100,37.0,100,100,100,100,2,100,100,100,67,100,67.77,11.41,100,100,100,100,67,0,100.0,0,100.0,100.0,100.0,100.0,100.0,100.0,85.71428571428571,100.0,100.0,100.0,100.0,71.42857142857143,100.0,100.0,100.0,67.0,100.0,75.69351093730904,48.90625,100.0,100.0,100.0,100.0,75.18796992481202,0.0,100.0,0.0,100.0,97.14285714285714,89.73809523809524,84.9199521874618,55.037593984962406,85.36769971067534,86.18520682706031,47.1,84313,73.3,76.3,7.0,6.1,0.454,3.0,1,D,7,6
Mississippi,0,0,100,0,0,0,-7.0,0,0,0,0,-1,0,0,0,33,0,9.09,7.25,0,0,0,0,0,0,0.0,0,0.0,0.0,100.0,0.0,0.0,0.0,11.76470588235294,0.0,0.0,0.0,0.0,50.0,0.0,0.0,0.0,33.0,0.0,3.9838689967004766,16.406249999999996,0.0,0.0,0.0,0.0,24.81203007518797,0.0,0.0,0.0,16.666666666666668,2.352941176470588,13.833333333333334,4.0780237993400945,4.962406015037594,8.378674198169655,8.41578683471415,62.4,52985,49.4,54.3,37.7,3.6,0.49,3.7,0,R,50,50
Missouri,80,100,0,0,100,0,-1.5,50,0,0,50,-1,0,0,33,33,0,49.86,15.0,0,0,100,0,33,0,100.0,0,80.0,100.0,0.0,0.0,100.0,0.0,21.008403361344538,50.0,0.0,0.0,50.0,50.0,0.0,0.0,33.0,33.0,0.0,53.806672369546625,76.953125,0.0,0.0,100.0,0.0,49.62406015037594,0.0,100.0,0.0,46.666666666666664,24.201680672268907,19.333333333333332,46.15195947390932,29.92481203007519,33.255690435250685,33.37171753916742,60.0,65920,70.4,75.5,11.5,4.7,0.466,3.0,1,R,31,30
Montana,80,100,100,0,100,50,-1.5,0,0,50,0,-4,0,100,33,67,100,48.02,10.85,0,0,100,0,67,0,0.0,0,80.0,100.0,100.0,0.0,100.0,50.0,21.008403361344538,0.0,0.0,50.0,0.0,28.57142857142857,0.0,100.0,33.0,67.0,100.0,51.558108273249424,44.53125,0.0,0.0,100.0,0.0,75.18796992481202,0.0,0.0,0.0,71.66666666666667,14.201680672268907,54.76190476190476,39.21787165464988,15.037593984962404,38.977143548090524,39.388091950017966,59.6,66017,55.9,83.5,0.5,4.4,0.451,2.6,1,R,27,26
Nebraska,40,50,0,0,0,0,2.0,50,0,50,100,0,0,100,33,67,0,53.55,15.0,0,100,0,0,33,0,100.0,0,40.0,50.0,0.0,0.0,0.0,0.0,26.89075630252101,50.0,0.0,50.0,100.0,57.14285714285714,0.0,100.0,33.0,67.0,0.0,58.31602101918612,76.953125,0.0,100.0,0.0,0.0,49.62406015037594,0.0,100.0,0.0,15.0,45.378151260504204,42.857142857142854,47.053829203837225,29.92481203007519,36.042787070311896,36.16079077684892,59.0,74580,73.1,76.0,5.1,12.1,0.442,2.5,1,R,29,29
Nevada,80,100,100,100,100,50,41.5,100,100,100,100,3,100,100,100,67,100,60.33,12.0,0,100,0,0,67,0,100.0,0,80.0,100.0,100.0,100.0,100.0,50.0,93.27731092436974,100.0,100.0,100.0,100.0,78.57142857142857,100.0,100.0,100.0,67.0,100.0,66.60149089575951,53.515625,0.0,100.0,0.0,0.0,75.18796992481202,0.0,100.0,0.0,88.33333333333333,98.65546218487395,90.92857142857143,44.023423179151905,35.037593984962406,71.39567682217861,72.4017906389059,52.5,72330,94.2,45.8,10.3,29.2,0.461,5.3,1,D,18,18
New Hampshire,80,100,0,0,0,50,30.75,100,100,50,100,0,0,0,0,67,100,40.89,7.25,0,0,100,100,67,0,100.0,0,80.0,100.0,0.0,0.0,0.0,50.0,75.21008403361344,100.0,100.0,50.0,100.0,57.14285714285714,0.0,0.0,0.0,67.0,100.0,42.844922400097765,16.406249999999996,0.0,0.0,100.0,100.0,75.18796992481202,0.0,100.0,0.0,38.333333333333336,85.04201680672269,37.357142857142854,31.850234480019548,55.037593984962406,49.524064292436165,49.66692384724751,51.1,90845,60.3,87.2,1.7,4.4,0.441,2.5,1,R,22,22
New Jersey,100,100,100,100,100,100,41.75,100,100,100,100,0,100,100,100,67,0,72.03,15.92,100,100,100,100,67,100,0.0,50,100.0,100.0,100.0,100.0,100.0,100.0,93.69747899159664,100.0,100.0,100.0,100.0,57.14285714285714,100.0,100.0,100.0,67.0,0.0,80.89942563851889,84.140625,100.0,100.0,100.0,100.0,75.18796992481202,100.0,0.0,100.0,100.0,98.73949579831933,70.69047619047619,93.00801012770378,75.0375939849624,87.49511522029233,87.97857208364724,42.0,97126,94.7,51.9,13.4,21.6,0.496,4.6,1,D,3,3
New Mexico,100,100,100,100,0,100,33.0,100,100,100,50,1,100,100,100,67,100,58.35,12.0,0,100,100,100,67,100,0.0,0,100.0,100.0,100.0,100.0,0.0,100.0,78.99159663865547,100.0,100.0,100.0,50.0,64.28571428571429,100.0,100.0,100.0,67.0,100.0,64.18184040083099,53.515625,0.0,100.0,100.0,100.0,75.18796992481202,100.0,0.0,0.0,83.33333333333333,85.7983193277311,88.54761904761904,63.539493080166196,55.037593984962406,75.25127175476243,75.76340295137946,45.8,58722,77.4,35.4,2.0,49.3,0.477,4.0,1,D,16,16
New York,80,100,100,100,100,100,44.5,100,100,100,100,2,100,100,100,33,0,83.32,16.0,100,100,100,100,67,50,100.0,0,80.0,100.0,100.0,100.0,100.0,100.0,98.31932773109243,100.0,100.0,100.0,100.0,71.42857142857143,100.0,100.0,100.0,33.0,0.0,94.69632164242942,84.765625,100.0,100.0,100.0,100.0,75.18796992481202,50.0,100.0,0.0,96.66666666666667,99.66386554621849,67.40476190476191,95.89238932848589,65.0375939849624,84.93305548621906,85.616760935,38.4,75910,87.9,52.5,14.3,19.5,0.516,4.3,1,D,8,9
North Carolina,40,0,0,100,0,0,6.75,50,0,50,50,-2,0,0,0,33,100,5.83,7.25,0,0,0,0,33,0,0.0,0,40.0,0.0,0.0,100.0,0.0,0.0,34.87394957983193,50.0,0.0,50.0,50.0,42.857142857142854,0.0,0.0,0.0,33.0,100.0,0.0,16.406249999999996,0.0,0.0,0.0,0.0,49.62406015037594,0.0,0.0,0.0,23.333333333333332,36.97478991596638,29.30952380952381,3.281249999999999,9.924812030075188,20.56474181777974,20.89847622158042,51.6,66186,66.1,60.5,21.2,10.7,0.481,3.5,1,R,37,37
North Dakota,0,50,0,0,0,0,8.75,100,0,50,0,-1,0,100,33,67,0,25.22,7.25,0,0,0,100,67,0,0.0,50,0.0,50.0,0.0,0.0,0.0,0.0,38.23529411764706,100.0,0.0,50.0,0.0,50.0,0.0,100.0,33.0,67.0,0.0,23.695466210436273,16.406249999999996,0.0,0.0,0.0,100.0,75.18796992481202,0.0,0.0,100.0,8.333333333333334,37.64705882352941,41.666666666666664,8.020343242087254,55.037593984962406,30.140999210115815,29.494230934467957,67.6,73959,59.7,82.9,3.4,4.4,0.44,1.9,1,R,34,34
Ohio,60,100,0,0,100,0,8.25,100,0,0,50,-3,0,0,0,33,0,51.22,11.0,0,0,100,50,67,0,0.0,0,60.0,100.0,0.0,0.0,100.0,0.0,37.39495798319328,100.0,0.0,0.0,50.0,35.714285714285715,0.0,0.0,0.0,33.0,0.0,55.46865452767934,45.703125,0.0,0.0,100.0,50.0,75.18796992481202,0.0,0.0,0.0,43.333333333333336,37.47899159663866,11.452380952380954,40.23435590553587,25.037593984962406,31.507331154570245,31.82580998796643,56.4,65720,77.9,74.5,12.9,4.4,0.468,3.9,1,R,32,32
Oklahoma,0,50,0,0,0,0,-5.0,0,0,0,0,-1,0,0,33,33,0,21.25,7.25,0,0,0,0,33,0,0.0,50,0.0,50.0,0.0,0.0,0.0,0.0,15.126050420168067,0.0,0.0,0.0,0.0,50.0,0.0,0.0,33.0,33.0,0.0,18.843944763534157,16.406249999999996,0.0,0.0,0.0,0.0,49.62406015037594,0.0,0.0,100.0,8.333333333333334,3.0252100840336134,19.333333333333332,7.050038952706831,29.92481203007519,13.533345546696461,13.033356529859685,66.6,61364,66.2,61.1,7.3,12.0,0.474,3.2,1,R,43,43
Oregon,100,100,100,100,100,100,37.5,100,100,100,100,0,100,100,100,67,100,85.13,15.05,100,100,100,50,67,0,100.0,0,100.0,100.0,100.0,100.0,100.0,100.0,86.5546218487395,100.0,100.0,100.0,100.0,57.14285714285714,100.0,100.0,100.0,67.0,100.0,96.90822436759134,77.34375000000001,100.0,100.0,100.0,50.0,75.18796992481202,0.0,100.0,0.0,100.0,97.3109243697479,87.35714285714285,94.85039487351827,45.037593984962406,84.91121121707428,85.9672592797817,42.2,76362,81.0,71.7,2.0,13.9,0.461,4.3,1,D,9,8
Pennsylvania,80,50,0,100,0,0,17.0,50,100,100,50,0,0,100,100,33,0,35.84,7.25,0,0,100,50,67,0,0.0,50,80.0,50.0,0.0,100.0,0.0,0.0,52.10084033613446,50.0,100.0,100.0,50.0,57.14285714285714,0.0,100.0,100.0,33.0,0.0,36.67359159232556,16.406249999999996,0.0,0.0,100.0,50.0,75.18796992481202,0.0,0.0,100.0,38.333333333333336,70.4201680672269,48.357142857142854,30.61596831846511,45.037593984962406,46.55284131222612,46.724387288890476,51.2,73170,79.2,72.6,11.2,8.4,0.477,3.9,1,Split,23,23
Rhode Island,80,100,100,100,0,0,38.0,100,100,100,50,2,0,100,33,67,0,63.8,16.0,100,100,100,100,67,0,100.0,50,80.0,100.0,100.0,100.0,0.0,0.0,87.39495798319328,100.0,100.0,100.0,50.0,71.42857142857143,0.0,100.0,33.0,67.0,0.0,70.84198949040695,84.765625,100.0,100.0,100.0,100.0,75.18796992481202,0.0,100.0,100.0,63.333333333333336,87.47899159663866,45.23809523809524,91.1215228980814,75.0375939849624,72.44190741022221,72.58321441607976,38.7,74008,90.7,67.0,6.3,17.0,0.488,4.2,1,D,17,17
South Carolina,20,50,0,0,0,0,-7.75,0,0,0,0,-1,0,0,33,33,0,12.5,7.25,0,0,0,0,33,0,0.0,50,20.0,50.0,0.0,0.0,0.0,0.0,10.504201680672269,0.0,0.0,0.0,0.0,50.0,0.0,0.0,33.0,33.0,0.0,8.151044849077357,16.406249999999996,0.0,0.0,0.0,0.0,49.62406015037594,0.0,0.0,100.0,11.666666666666666,2.100840336134454,19.333333333333332,4.91145896981547,29.92481203007519,13.587422267205023,13.091505754614083,58.2,63623,66.3,60.6,26.4,6.8,0.476,3.5,0,R,41,42
South Dakota,0,0,0,0,0,50,-5.5,0,0,0,0,-1,0,0,33,33,0,45.57,11.85,0,0,0,0,33,0,0.0,0,0.0,0.0,0.0,0.0,0.0,50.0,14.285714285714285,0.0,0.0,0.0,0.0,50.0,0.0,0.0,33.0,33.0,0.0,48.56409629720152,52.34375,0.0,0.0,0.0,0.0,49.62406015037594,0.0,0.0,0.0,8.333333333333334,2.8571428571428568,19.333333333333332,20.181569259440305,9.924812030075188,12.126038162665003,12.069147887021916,64.7,72819,56.7,79.6,1.9,4.3,0.446,2.0,0,R,47,47
Tennessee,0,0,0,0,0,0,-14.0,0,0,0,0,-2,0,0,0,0,0,12.14,7.25,0,0,0,0,0,0,0.0,50,0.0,0.0,0.0,0.0,0.0,0.0,0.0,0.0,0.0,0.0,0.0,42.857142857142854,0.0,0.0,0.0,0.0,0.0,7.71110839545399,16.406249999999996,0.0,0.0,0.0,0.0,24.81203007518797,0.0,0.0,100.0,0.0,0.0,7.142857142857142,4.823471679090797,24.962406015037594,7.385746967397107,6.900854045193858,65.2,64035,66.4,70.9,16.7,6.2,0.481,3.3,0,R,51,51
Texas,0,0,0,0,0,0,-1.25,50,0,0,0,-3,0,0,33,33,0,15.14,7.25,0,0,0,0,33,0,0.0,50,0.0,0.0,0.0,0.0,0.0,0.0,21.428571428571427,50.0,0.0,0.0,0.0,35.714285714285715,0.0,0.0,33.0,33.0,0.0,11.377245508982037,16.406249999999996,0.0,0.0,0.0,0.0,49.62406015037594,0.0,0.0,100.0,0.0,14.285714285714286,16.952380952380953,5.556699101796407,29.92481203007519,13.343921273993368,12.90641867560519,57.2,73035,84.7,39.8,12.1,40.2,0.483,4.0,0,R,44,44
Utah,60,0,100,0,0,0,9.5,50,100,50,50,-2,100,100,67,67,0,14.11,7.25,0,0,0,0,67,0,100.0,50,60.0,0.0,100.0,0.0,0.0,0.0,39.49579831932773,50.0,100.0,50.0,50.0,42.857142857142854,100.0,100.0,67.0,67.0,0.0,10.118538433337406,16.406249999999996,0.0,0.0,0.0,0.0,75.18796992481202,0.0,100.0,100.0,26.666666666666668,57.89915966386555,62.80952380952382,5.30495768666748,55.037593984962406,41.54358036233718,41.20280229286348,60.2,86833,90.6,74.5,1.2,15.1,0.417,2.9,1,R,25,25
Vermont,100,100,100,100,100,100,38.5,100,100,100,100,0,100,100,100,100,100,62.77,14.42,0,100,100,100,100,0,0.0,50,100.0,100.0,100.0,100.0,100.0,100.0,88.23529411764706,100.0,100.0,100.0,100.0,57.14285714285714,100.0,100.0,100.0,100.0,100.0,69.58328241476231,72.421875,0.0,100.0,100.0,100.0,100.0,0.0,0.0,100.0,100.0,97.64705882352942,92.85714285714285,68.40103148295246,60.0,83.78104663272495,84.44275425334004,34.2,74014,38.9,89.8,1.4,2.3,0.452,2.3,1,D,11,11
Virginia,80,100,100,0,0,0,26.5,100,0,100,0,2,100,0,67,67,0,51.95,12.77,0,0,0,100,-33,0,0.0,0,80.0,100.0,100.0,0.0,0.0,0.0,68.0672268907563,100.0,0.0,100.0,0.0,71.42857142857143,100.0,0.0,67.0,67.0,0.0,56.360747891971165,59.53125,0.0,0.0,0.0,100.0,0.0,0.0,0.0,0.0,46.666666666666664,53.613445378151255,50.904761904761905,23.17839957839423,20.0,38.872654705594805,39.387642258532274,46.0,87249,75.5,58.3,19.1,10.5,0.469,2.9,1,Split,28,27
Washington,80,100,100,100,100,100,40.25,100,100,100,100,1,100,100,100,67,100,76.79,17.13,100,100,100,100,67,0,100.0,0,80.0,100.0,100.0,100.0,100.0,100.0,91.17647058823529,100.0,100.0,100.0,100.0,64.28571428571429,100.0,100.0,100.0,67.0,100.0,86.71636319198339,93.59375,100.0,100.0,100.0,100.0,75.18796992481202,0.0,100.0,0.0,96.66666666666667,98.23529411764706,88.54761904761904,96.06202263839668,55.037593984962406,86.90983929105838,87.7587128318378,39.3,90325,84.1,62.1,4.0,13.7,0.461,4.5,1,D,4,4
West Virginia,0,50,100,0,0,50,5.0,0,0,0,50,-1,100,0,67,33,0,24.84,8.75,0,0,0,100,33,0,100.0,0,0.0,50.0,100.0,0.0,0.0,50.0,31.932773109243694,0.0,0.0,0.0,50.0,50.0,100.0,0.0,67.0,33.0,0.0,23.231088842722716,28.125,0.0,0.0,0.0,100.0,49.62406015037594,0.0,100.0,0.0,33.333333333333336,16.386554621848738,41.666666666666664,10.271217768544542,49.92481203007519,30.316516884093698,29.71551270852688,71.2,52520,48.7,89.8,3.6,1.7,0.467,4.7,1,R,33,33
Wisconsin,60,0,100,0,0,0,17.75,100,0,50,100,0,0,0,0,33,100,24.02,7.25,0,0,0,100,33,0,100.0,50,60.0,0.0,100.0,0.0,0.0,0.0,53.36134453781513,100.0,0.0,50.0,100.0,57.14285714285714,0.0,0.0,0.0,33.0,100.0,22.229011365025052,16.406249999999996,0.0,0.0,0.0,100.0,49.62406015037594,0.0,100.0,100.0,26.666666666666668,60.67226890756302,31.69047619047619,7.727052273005009,69.92481203007519,39.336255213557216,38.76583044420501,50.1,72458,70.2,78.0,6.4,7.6,0.446,2.9,1,Split,26,28
Wyoming,20,100,0,0,0,0,-0.75,0,0,0,100,-2,0,100,33,67,0,19.5,5.15,0,0,0,0,0,0,0.0,50,20.0,100.0,0.0,0.0,0.0,0.0,22.268907563025213,0.0,0.0,0.0,100.0,42.857142857142854,0.0,100.0,33.0,67.0,0.0,16.705364780642796,0.0,0.0,0.0,0.0,0.0,24.81203007518797,0.0,0.0,100.0,20.0,24.45378151260504,40.476190476190474,3.341072956128559,24.962406015037594,22.64669019199233,22.51690733012763,73.5,74077,64.8,83.2,0.8,10.3,0.43,2.7,0,R,36,36
